order_item_id,order_id,product_id,quantity
ORD_ITEM01,ORD_ID01,P_ID07,5
ORD_ITEM02,ORD_ID02,P_ID49,3
ORD_ITEM03,ORD_ID03,P_ID37,9
ORD_ITEM04,ORD_ID04,P_ID29,4
ORD_ITEM05,ORD_ID05,P_ID11,1
ORD_ITEM06,ORD_ID06,P_ID16,9
ORD_ITEM07,ORD_ID07,P_ID12,3
ORD_ITEM08,ORD_ID08,P_ID19,10
ORD_ITEM09,ORD_ID09,P_ID15,3
ORD_ITEM10,ORD_ID10,P_ID15,7
ORD_ITEM11,ORD_ID11,P_ID32,6
ORD_ITEM12,ORD_ID12,P_ID14,8
ORD_ITEM13,ORD_ID13,P_ID20,2
ORD_ITEM14,ORD_ID14,P_ID45,4
ORD_ITEM15,ORD_ID15,P_ID24,6
ORD_ITEM16,ORD_ID16,P_ID10,10
ORD_ITEM17,ORD_ID17,P_ID30,3
ORD_ITEM18,ORD_ID18,P_ID50,10
ORD_ITEM19,ORD_ID19,P_ID17,3
ORD_ITEM20,ORD_ID20,P_ID48,6
ORD_ITEM21,ORD_ID21,P_ID36,5
ORD_ITEM22,ORD_ID22,P_ID50,9
ORD_ITEM23,ORD_ID23,P_ID44,8
ORD_ITEM24,ORD_ID24,P_ID05,2
ORD_ITEM25,ORD_ID25,P_ID08,6
ORD_ITEM26,ORD_ID26,P_ID32,1
ORD_ITEM27,ORD_ID27,P_ID33,2
ORD_ITEM28,ORD_ID28,P_ID16,7
ORD_ITEM29,ORD_ID29,P_ID38,8
ORD_ITEM30,ORD_ID30,P_ID33,1
ORD_ITEM31,ORD_ID31,P_ID08,8
ORD_ITEM32,ORD_ID32,P_ID07,2
ORD_ITEM33,ORD_ID33,P_ID38,7
ORD_ITEM34,ORD_ID34,P_ID30,8
ORD_ITEM35,ORD_ID35,P_ID26,7
ORD_ITEM36,ORD_ID36,P_ID17,2
ORD_ITEM37,ORD_ID37,P_ID24,9
ORD_ITEM38,ORD_ID38,P_ID02,6
ORD_ITEM39,ORD_ID39,P_ID01,9
ORD_ITEM40,ORD_ID40,P_ID14,3
ORD_ITEM41,ORD_ID41,P_ID10,1
ORD_ITEM42,ORD_ID42,P_ID43,7
ORD_ITEM43,ORD_ID43,P_ID48,3
ORD_ITEM44,ORD_ID44,P_ID12,9
ORD_ITEM45,ORD_ID45,P_ID13,6
ORD_ITEM46,ORD_ID46,P_ID04,2
ORD_ITEM47,ORD_ID47,P_ID24,8
ORD_ITEM48,ORD_ID48,P_ID37,9
ORD_ITEM49,ORD_ID49,P_ID17,7
ORD_ITEM50,ORD_ID50,P_ID50,1
ORD_ITEM51,ORD_ID51,P_ID07,2
ORD_ITEM52,ORD_ID52,P_ID39,9
ORD_ITEM53,ORD_ID53,P_ID25,3
ORD_ITEM54,ORD_ID54,P_ID13,5
ORD_ITEM55,ORD_ID55,P_ID10,6
ORD_ITEM56,ORD_ID56,P_ID48,10
ORD_ITEM57,ORD_ID57,P_ID41,3
ORD_ITEM58,ORD_ID58,P_ID31,7
ORD_ITEM59,ORD_ID59,P_ID11,4
ORD_ITEM60,ORD_ID60,P_ID42,3
ORD_ITEM61,ORD_ID61,P_ID08,2
ORD_ITEM62,ORD_ID62,P_ID01,5
ORD_ITEM63,ORD_ID63,P_ID39,5
ORD_ITEM64,ORD_ID64,P_ID04,4
ORD_ITEM65,ORD_ID65,P_ID29,10
ORD_ITEM66,ORD_ID66,P_ID20,10
ORD_ITEM67,ORD_ID67,P_ID30,1
ORD_ITEM68,ORD_ID68,P_ID19,1
ORD_ITEM69,ORD_ID69,P_ID42,8
ORD_ITEM70,ORD_ID70,P_ID12,10
ORD_ITEM71,ORD_ID71,P_ID17,9
ORD_ITEM72,ORD_ID72,P_ID16,6
ORD_ITEM73,ORD_ID73,P_ID50,8
ORD_ITEM74,ORD_ID74,P_ID37,9
ORD_ITEM75,ORD_ID75,P_ID37,2
ORD_ITEM76,ORD_ID76,P_ID01,8
ORD_ITEM77,ORD_ID77,P_ID08,10
ORD_ITEM78,ORD_ID78,P_ID18,7
ORD_ITEM79,ORD_ID79,P_ID47,6
ORD_ITEM80,ORD_ID80,P_ID28,5
ORD_ITEM81,ORD_ID81,P_ID15,5
ORD_ITEM82,ORD_ID82,P_ID09,4
ORD_ITEM83,ORD_ID83,P_ID29,8
ORD_ITEM84,ORD_ID84,P_ID28,5
ORD_ITEM85,ORD_ID85,P_ID05,5
ORD_ITEM86,ORD_ID86,P_ID19,4
ORD_ITEM87,ORD_ID87,P_ID45,7
ORD_ITEM88,ORD_ID88,P_ID39,10
ORD_ITEM89,ORD_ID89,P_ID45,9
ORD_ITEM90,ORD_ID90,P_ID46,10
ORD_ITEM91,ORD_ID91,P_ID33,8
ORD_ITEM92,ORD_ID92,P_ID25,7
ORD_ITEM93,ORD_ID93,P_ID27,7
ORD_ITEM94,ORD_ID94,P_ID24,5
ORD_ITEM95,ORD_ID95,P_ID08,4
ORD_ITEM96,ORD_ID96,P_ID20,3
ORD_ITEM97,ORD_ID97,P_ID01,6
ORD_ITEM98,ORD_ID98,P_ID34,1
ORD_ITEM99,ORD_ID99,P_ID18,5
ORD_ITEM100,ORD_ID100,P_ID44,9
ORD_ITEM101,ORD_ID101,P_ID44,8
ORD_ITEM102,ORD_ID102,P_ID43,9
ORD_ITEM103,ORD_ID103,P_ID47,9
ORD_ITEM104,ORD_ID104,P_ID39,2
ORD_ITEM105,ORD_ID105,P_ID31,1
ORD_ITEM106,ORD_ID106,P_ID32,4
ORD_ITEM107,ORD_ID107,P_ID26,6
ORD_ITEM108,ORD_ID108,P_ID11,1
ORD_ITEM109,ORD_ID109,P_ID13,10
ORD_ITEM110,ORD_ID110,P_ID18,7
ORD_ITEM111,ORD_ID111,P_ID12,8
ORD_ITEM112,ORD_ID112,P_ID46,10
ORD_ITEM113,ORD_ID113,P_ID28,4
ORD_ITEM114,ORD_ID114,P_ID45,1
ORD_ITEM115,ORD_ID115,P_ID30,10
ORD_ITEM116,ORD_ID116,P_ID15,2
ORD_ITEM117,ORD_ID117,P_ID14,6
ORD_ITEM118,ORD_ID118,P_ID38,2
ORD_ITEM119,ORD_ID119,P_ID38,6
ORD_ITEM120,ORD_ID120,P_ID49,6
ORD_ITEM121,ORD_ID121,P_ID16,7
ORD_ITEM122,ORD_ID122,P_ID40,10
ORD_ITEM123,ORD_ID123,P_ID20,8
ORD_ITEM124,ORD_ID124,P_ID26,10
ORD_ITEM125,ORD_ID125,P_ID38,1
ORD_ITEM126,ORD_ID126,P_ID19,6
ORD_ITEM127,ORD_ID127,P_ID28,5
ORD_ITEM128,ORD_ID128,P_ID05,3
ORD_ITEM129,ORD_ID129,P_ID12,6
ORD_ITEM130,ORD_ID130,P_ID10,3
ORD_ITEM131,ORD_ID131,P_ID45,1
ORD_ITEM132,ORD_ID132,P_ID34,10
ORD_ITEM133,ORD_ID133,P_ID16,2
ORD_ITEM134,ORD_ID134,P_ID08,2
ORD_ITEM135,ORD_ID135,P_ID45,9
ORD_ITEM136,ORD_ID136,P_ID06,9
ORD_ITEM137,ORD_ID137,P_ID07,2
ORD_ITEM138,ORD_ID138,P_ID35,6
ORD_ITEM139,ORD_ID139,P_ID48,7
ORD_ITEM140,ORD_ID140,P_ID47,8
ORD_ITEM141,ORD_ID141,P_ID50,1
ORD_ITEM142,ORD_ID142,P_ID01,6
ORD_ITEM143,ORD_ID143,P_ID21,8
ORD_ITEM144,ORD_ID144,P_ID39,8
ORD_ITEM145,ORD_ID145,P_ID31,2
ORD_ITEM146,ORD_ID146,P_ID11,1
ORD_ITEM147,ORD_ID147,P_ID45,7
ORD_ITEM148,ORD_ID148,P_ID48,4
ORD_ITEM149,ORD_ID149,P_ID28,6
ORD_ITEM150,ORD_ID150,P_ID38,9
ORD_ITEM151,ORD_ID151,P_ID14,10
ORD_ITEM152,ORD_ID152,P_ID09,8
ORD_ITEM153,ORD_ID153,P_ID40,9
ORD_ITEM154,ORD_ID154,P_ID41,9
ORD_ITEM155,ORD_ID155,P_ID28,2
ORD_ITEM156,ORD_ID156,P_ID16,7
ORD_ITEM157,ORD_ID157,P_ID04,2
ORD_ITEM158,ORD_ID158,P_ID24,8
ORD_ITEM159,ORD_ID159,P_ID25,1
ORD_ITEM160,ORD_ID160,P_ID39,6
ORD_ITEM161,ORD_ID161,P_ID29,4
ORD_ITEM162,ORD_ID162,P_ID29,8
ORD_ITEM163,ORD_ID163,P_ID08,2
ORD_ITEM164,ORD_ID164,P_ID48,5
ORD_ITEM165,ORD_ID165,P_ID23,2
ORD_ITEM166,ORD_ID166,P_ID24,5
ORD_ITEM167,ORD_ID167,P_ID01,3
ORD_ITEM168,ORD_ID168,P_ID15,3
ORD_ITEM169,ORD_ID169,P_ID12,1
ORD_ITEM170,ORD_ID170,P_ID01,6
ORD_ITEM171,ORD_ID171,P_ID19,1
ORD_ITEM172,ORD_ID172,P_ID32,2
ORD_ITEM173,ORD_ID173,P_ID27,7
ORD_ITEM174,ORD_ID174,P_ID43,9
ORD_ITEM175,ORD_ID175,P_ID32,8
ORD_ITEM176,ORD_ID176,P_ID22,10
ORD_ITEM177,ORD_ID177,P_ID30,7
ORD_ITEM178,ORD_ID178,P_ID24,4
ORD_ITEM179,ORD_ID179,P_ID20,10
ORD_ITEM180,ORD_ID180,P_ID17,9
ORD_ITEM181,ORD_ID181,P_ID20,9
ORD_ITEM182,ORD_ID182,P_ID32,2
ORD_ITEM183,ORD_ID183,P_ID31,5
ORD_ITEM184,ORD_ID184,P_ID24,6
ORD_ITEM185,ORD_ID185,P_ID19,8
ORD_ITEM186,ORD_ID186,P_ID05,5
ORD_ITEM187,ORD_ID187,P_ID43,3
ORD_ITEM188,ORD_ID188,P_ID50,7
ORD_ITEM189,ORD_ID189,P_ID37,2
ORD_ITEM190,ORD_ID190,P_ID37,4
ORD_ITEM191,ORD_ID191,P_ID05,5
ORD_ITEM192,ORD_ID192,P_ID15,8
ORD_ITEM193,ORD_ID193,P_ID03,4
ORD_ITEM194,ORD_ID194,P_ID37,5
ORD_ITEM195,ORD_ID195,P_ID27,8
ORD_ITEM196,ORD_ID196,P_ID22,2
ORD_ITEM197,ORD_ID197,P_ID39,7
ORD_ITEM198,ORD_ID198,P_ID32,4
ORD_ITEM199,ORD_ID199,P_ID32,6
ORD_ITEM200,ORD_ID200,P_ID16,2
ORD_ITEM201,ORD_ID201,P_ID31,5
ORD_ITEM202,ORD_ID202,P_ID17,4
ORD_ITEM203,ORD_ID203,P_ID23,7
ORD_ITEM204,ORD_ID204,P_ID05,7
ORD_ITEM205,ORD_ID205,P_ID18,2
ORD_ITEM206,ORD_ID206,P_ID40,2
ORD_ITEM207,ORD_ID207,P_ID11,10
ORD_ITEM208,ORD_ID208,P_ID11,8
ORD_ITEM209,ORD_ID209,P_ID18,3
ORD_ITEM210,ORD_ID210,P_ID14,5
ORD_ITEM211,ORD_ID211,P_ID10,1
ORD_ITEM212,ORD_ID212,P_ID19,6
ORD_ITEM213,ORD_ID213,P_ID10,5
ORD_ITEM214,ORD_ID214,P_ID30,6
ORD_ITEM215,ORD_ID215,P_ID07,5
ORD_ITEM216,ORD_ID216,P_ID11,5
ORD_ITEM217,ORD_ID217,P_ID38,7
ORD_ITEM218,ORD_ID218,P_ID43,6
ORD_ITEM219,ORD_ID219,P_ID07,8
ORD_ITEM220,ORD_ID220,P_ID11,5
ORD_ITEM221,ORD_ID221,P_ID12,8
ORD_ITEM222,ORD_ID222,P_ID31,8
ORD_ITEM223,ORD_ID223,P_ID39,4
ORD_ITEM224,ORD_ID224,P_ID49,7
ORD_ITEM225,ORD_ID225,P_ID42,7
ORD_ITEM226,ORD_ID226,P_ID29,3
ORD_ITEM227,ORD_ID227,P_ID32,4
ORD_ITEM228,ORD_ID228,P_ID13,9
ORD_ITEM229,ORD_ID229,P_ID24,4
ORD_ITEM230,ORD_ID230,P_ID01,8
ORD_ITEM231,ORD_ID231,P_ID32,6
ORD_ITEM232,ORD_ID232,P_ID16,10
ORD_ITEM233,ORD_ID233,P_ID36,7
ORD_ITEM234,ORD_ID234,P_ID06,8
ORD_ITEM235,ORD_ID235,P_ID45,7
ORD_ITEM236,ORD_ID236,P_ID34,3
ORD_ITEM237,ORD_ID237,P_ID07,10
ORD_ITEM238,ORD_ID238,P_ID42,8
ORD_ITEM239,ORD_ID239,P_ID24,1
ORD_ITEM240,ORD_ID240,P_ID31,1
ORD_ITEM241,ORD_ID241,P_ID40,5
ORD_ITEM242,ORD_ID242,P_ID33,1
ORD_ITEM243,ORD_ID243,P_ID35,2
ORD_ITEM244,ORD_ID244,P_ID15,3
ORD_ITEM245,ORD_ID245,P_ID26,3
ORD_ITEM246,ORD_ID246,P_ID24,5
ORD_ITEM247,ORD_ID247,P_ID23,2
ORD_ITEM248,ORD_ID248,P_ID44,9
ORD_ITEM249,ORD_ID249,P_ID14,3
ORD_ITEM250,ORD_ID250,P_ID12,6
ORD_ITEM251,ORD_ID251,P_ID16,7
ORD_ITEM252,ORD_ID252,P_ID14,2
ORD_ITEM253,ORD_ID253,P_ID48,3
ORD_ITEM254,ORD_ID254,P_ID01,4
ORD_ITEM255,ORD_ID255,P_ID47,1
ORD_ITEM256,ORD_ID256,P_ID09,4
ORD_ITEM257,ORD_ID257,P_ID17,7
ORD_ITEM258,ORD_ID258,P_ID48,10
ORD_ITEM259,ORD_ID259,P_ID03,9
ORD_ITEM260,ORD_ID260,P_ID24,5
ORD_ITEM261,ORD_ID261,P_ID46,9
ORD_ITEM262,ORD_ID262,P_ID35,1
ORD_ITEM263,ORD_ID263,P_ID30,1
ORD_ITEM264,ORD_ID264,P_ID35,10
ORD_ITEM265,ORD_ID265,P_ID28,7
ORD_ITEM266,ORD_ID266,P_ID18,8
ORD_ITEM267,ORD_ID267,P_ID24,7
ORD_ITEM268,ORD_ID268,P_ID42,6
ORD_ITEM269,ORD_ID269,P_ID10,4
ORD_ITEM270,ORD_ID270,P_ID18,5
ORD_ITEM271,ORD_ID271,P_ID28,2
ORD_ITEM272,ORD_ID272,P_ID45,6
ORD_ITEM273,ORD_ID273,P_ID26,10
ORD_ITEM274,ORD_ID274,P_ID15,8
ORD_ITEM275,ORD_ID275,P_ID19,7
ORD_ITEM276,ORD_ID276,P_ID26,3
ORD_ITEM277,ORD_ID277,P_ID25,5
ORD_ITEM278,ORD_ID278,P_ID12,3
ORD_ITEM279,ORD_ID279,P_ID31,2
ORD_ITEM280,ORD_ID280,P_ID21,5
ORD_ITEM281,ORD_ID281,P_ID43,3
ORD_ITEM282,ORD_ID282,P_ID23,3
ORD_ITEM283,ORD_ID283,P_ID09,9
ORD_ITEM284,ORD_ID284,P_ID35,5
ORD_ITEM285,ORD_ID285,P_ID42,5
ORD_ITEM286,ORD_ID286,P_ID33,10
ORD_ITEM287,ORD_ID287,P_ID26,9
ORD_ITEM288,ORD_ID288,P_ID24,3
ORD_ITEM289,ORD_ID289,P_ID16,7
ORD_ITEM290,ORD_ID290,P_ID06,8
ORD_ITEM291,ORD_ID291,P_ID46,9
ORD_ITEM292,ORD_ID292,P_ID02,1
ORD_ITEM293,ORD_ID293,P_ID08,6
ORD_ITEM294,ORD_ID294,P_ID36,5
ORD_ITEM295,ORD_ID295,P_ID42,9
ORD_ITEM296,ORD_ID296,P_ID07,2
ORD_ITEM297,ORD_ID297,P_ID17,5
ORD_ITEM298,ORD_ID298,P_ID10,1
ORD_ITEM299,ORD_ID299,P_ID03,6
ORD_ITEM300,ORD_ID300,P_ID37,2
ORD_ITEM301,ORD_ID301,P_ID47,2
ORD_ITEM302,ORD_ID302,P_ID31,9
ORD_ITEM303,ORD_ID303,P_ID40,1
ORD_ITEM304,ORD_ID304,P_ID45,2
ORD_ITEM305,ORD_ID305,P_ID23,7
ORD_ITEM306,ORD_ID306,P_ID29,1
ORD_ITEM307,ORD_ID307,P_ID21,2
ORD_ITEM308,ORD_ID308,P_ID35,7
ORD_ITEM309,ORD_ID309,P_ID30,5
ORD_ITEM310,ORD_ID310,P_ID44,1
ORD_ITEM311,ORD_ID311,P_ID24,5
ORD_ITEM312,ORD_ID312,P_ID31,10
ORD_ITEM313,ORD_ID313,P_ID11,6
ORD_ITEM314,ORD_ID314,P_ID24,5
ORD_ITEM315,ORD_ID315,P_ID15,10
ORD_ITEM316,ORD_ID316,P_ID10,6
ORD_ITEM317,ORD_ID317,P_ID30,7
ORD_ITEM318,ORD_ID318,P_ID35,2
ORD_ITEM319,ORD_ID319,P_ID24,6
ORD_ITEM320,ORD_ID320,P_ID19,2
ORD_ITEM321,ORD_ID321,P_ID45,3
ORD_ITEM322,ORD_ID322,P_ID29,5
ORD_ITEM323,ORD_ID323,P_ID12,3
ORD_ITEM324,ORD_ID324,P_ID01,4
ORD_ITEM325,ORD_ID325,P_ID47,3
ORD_ITEM326,ORD_ID326,P_ID37,8
ORD_ITEM327,ORD_ID327,P_ID33,7
ORD_ITEM328,ORD_ID328,P_ID15,1
ORD_ITEM329,ORD_ID329,P_ID41,7
ORD_ITEM330,ORD_ID330,P_ID26,4
ORD_ITEM331,ORD_ID331,P_ID08,10
ORD_ITEM332,ORD_ID332,P_ID45,1
ORD_ITEM333,ORD_ID333,P_ID25,8
ORD_ITEM334,ORD_ID334,P_ID33,10
ORD_ITEM335,ORD_ID335,P_ID14,2
ORD_ITEM336,ORD_ID336,P_ID49,9
ORD_ITEM337,ORD_ID337,P_ID28,3
ORD_ITEM338,ORD_ID338,P_ID23,2
ORD_ITEM339,ORD_ID339,P_ID21,5
ORD_ITEM340,ORD_ID340,P_ID43,6
ORD_ITEM341,ORD_ID341,P_ID35,9
ORD_ITEM342,ORD_ID342,P_ID33,2
ORD_ITEM343,ORD_ID343,P_ID12,5
ORD_ITEM344,ORD_ID344,P_ID42,6
ORD_ITEM345,ORD_ID345,P_ID43,4
ORD_ITEM346,ORD_ID346,P_ID17,2
ORD_ITEM347,ORD_ID347,P_ID36,2
ORD_ITEM348,ORD_ID348,P_ID21,2
ORD_ITEM349,ORD_ID349,P_ID01,8
ORD_ITEM350,ORD_ID350,P_ID44,8
ORD_ITEM351,ORD_ID351,P_ID46,1
ORD_ITEM352,ORD_ID352,P_ID15,7
ORD_ITEM353,ORD_ID353,P_ID49,7
ORD_ITEM354,ORD_ID354,P_ID27,10
ORD_ITEM355,ORD_ID355,P_ID43,5
ORD_ITEM356,ORD_ID356,P_ID08,7
ORD_ITEM357,ORD_ID357,P_ID12,7
ORD_ITEM358,ORD_ID358,P_ID02,4
ORD_ITEM359,ORD_ID359,P_ID18,5
ORD_ITEM360,ORD_ID360,P_ID03,9
ORD_ITEM361,ORD_ID361,P_ID17,1
ORD_ITEM362,ORD_ID362,P_ID34,7
ORD_ITEM363,ORD_ID363,P_ID02,4
ORD_ITEM364,ORD_ID364,P_ID39,6
ORD_ITEM365,ORD_ID365,P_ID05,2
ORD_ITEM366,ORD_ID366,P_ID25,2
ORD_ITEM367,ORD_ID367,P_ID01,10
ORD_ITEM368,ORD_ID368,P_ID09,6
ORD_ITEM369,ORD_ID369,P_ID11,9
ORD_ITEM370,ORD_ID370,P_ID04,2
ORD_ITEM371,ORD_ID371,P_ID02,2
ORD_ITEM372,ORD_ID372,P_ID10,4
ORD_ITEM373,ORD_ID373,P_ID48,8
ORD_ITEM374,ORD_ID374,P_ID24,1
ORD_ITEM375,ORD_ID375,P_ID25,1
ORD_ITEM376,ORD_ID376,P_ID04,8
ORD_ITEM377,ORD_ID377,P_ID10,10
ORD_ITEM378,ORD_ID378,P_ID04,8
ORD_ITEM379,ORD_ID379,P_ID15,7
ORD_ITEM380,ORD_ID380,P_ID23,10
ORD_ITEM381,ORD_ID381,P_ID34,2
ORD_ITEM382,ORD_ID382,P_ID06,8
ORD_ITEM383,ORD_ID383,P_ID41,4
ORD_ITEM384,ORD_ID384,P_ID39,7
ORD_ITEM385,ORD_ID385,P_ID05,6
ORD_ITEM386,ORD_ID386,P_ID16,2
ORD_ITEM387,ORD_ID387,P_ID11,7
ORD_ITEM388,ORD_ID388,P_ID20,3
ORD_ITEM389,ORD_ID389,P_ID39,7
ORD_ITEM390,ORD_ID390,P_ID02,2
ORD_ITEM391,ORD_ID391,P_ID05,7
ORD_ITEM392,ORD_ID392,P_ID43,2
ORD_ITEM393,ORD_ID393,P_ID24,1
ORD_ITEM394,ORD_ID394,P_ID29,9
ORD_ITEM395,ORD_ID395,P_ID24,6
ORD_ITEM396,ORD_ID396,P_ID38,6
ORD_ITEM397,ORD_ID397,P_ID02,8
ORD_ITEM398,ORD_ID398,P_ID39,6
ORD_ITEM399,ORD_ID399,P_ID35,5
ORD_ITEM400,ORD_ID400,P_ID01,8
ORD_ITEM401,ORD_ID401,P_ID28,1
ORD_ITEM402,ORD_ID402,P_ID46,1
ORD_ITEM403,ORD_ID403,P_ID33,9
ORD_ITEM404,ORD_ID404,P_ID10,6
ORD_ITEM405,ORD_ID405,P_ID25,3
ORD_ITEM406,ORD_ID406,P_ID36,4
ORD_ITEM407,ORD_ID407,P_ID11,8
ORD_ITEM408,ORD_ID408,P_ID14,2
ORD_ITEM409,ORD_ID409,P_ID18,9
ORD_ITEM410,ORD_ID410,P_ID48,3
ORD_ITEM411,ORD_ID411,P_ID18,9
ORD_ITEM412,ORD_ID412,P_ID11,9
ORD_ITEM413,ORD_ID413,P_ID48,2
ORD_ITEM414,ORD_ID414,P_ID49,3
ORD_ITEM415,ORD_ID415,P_ID48,6
ORD_ITEM416,ORD_ID416,P_ID06,2
ORD_ITEM417,ORD_ID417,P_ID32,2
ORD_ITEM418,ORD_ID418,P_ID09,2
ORD_ITEM419,ORD_ID419,P_ID14,1
ORD_ITEM420,ORD_ID420,P_ID01,8
ORD_ITEM421,ORD_ID421,P_ID06,8
ORD_ITEM422,ORD_ID422,P_ID11,2
ORD_ITEM423,ORD_ID423,P_ID31,7
ORD_ITEM424,ORD_ID424,P_ID37,9
ORD_ITEM425,ORD_ID425,P_ID49,1
ORD_ITEM426,ORD_ID426,P_ID18,10
ORD_ITEM427,ORD_ID427,P_ID14,2
ORD_ITEM428,ORD_ID428,P_ID29,10
ORD_ITEM429,ORD_ID429,P_ID18,4
ORD_ITEM430,ORD_ID430,P_ID04,3
ORD_ITEM431,ORD_ID431,P_ID50,5
ORD_ITEM432,ORD_ID432,P_ID19,8
ORD_ITEM433,ORD_ID433,P_ID17,7
ORD_ITEM434,ORD_ID434,P_ID02,1
ORD_ITEM435,ORD_ID435,P_ID18,10
ORD_ITEM436,ORD_ID436,P_ID25,7
ORD_ITEM437,ORD_ID437,P_ID24,4
ORD_ITEM438,ORD_ID438,P_ID42,9
ORD_ITEM439,ORD_ID439,P_ID11,9
ORD_ITEM440,ORD_ID440,P_ID43,7
ORD_ITEM441,ORD_ID441,P_ID47,1
ORD_ITEM442,ORD_ID442,P_ID50,1
ORD_ITEM443,ORD_ID443,P_ID27,8
ORD_ITEM444,ORD_ID444,P_ID47,8
ORD_ITEM445,ORD_ID445,P_ID17,1
ORD_ITEM446,ORD_ID446,P_ID20,9
ORD_ITEM447,ORD_ID447,P_ID10,6
ORD_ITEM448,ORD_ID448,P_ID42,7
ORD_ITEM449,ORD_ID449,P_ID49,8
ORD_ITEM450,ORD_ID450,P_ID47,9
ORD_ITEM451,ORD_ID451,P_ID19,4
ORD_ITEM452,ORD_ID452,P_ID06,4
ORD_ITEM453,ORD_ID453,P_ID38,7
ORD_ITEM454,ORD_ID454,P_ID25,7
ORD_ITEM455,ORD_ID455,P_ID48,1
ORD_ITEM456,ORD_ID456,P_ID15,2
ORD_ITEM457,ORD_ID457,P_ID02,1
ORD_ITEM458,ORD_ID458,P_ID07,1
ORD_ITEM459,ORD_ID459,P_ID26,10
ORD_ITEM460,ORD_ID460,P_ID40,7
ORD_ITEM461,ORD_ID461,P_ID17,3
ORD_ITEM462,ORD_ID462,P_ID44,6
ORD_ITEM463,ORD_ID463,P_ID12,6
ORD_ITEM464,ORD_ID464,P_ID42,4
ORD_ITEM465,ORD_ID465,P_ID29,6
ORD_ITEM466,ORD_ID466,P_ID44,3
ORD_ITEM467,ORD_ID467,P_ID41,10
ORD_ITEM468,ORD_ID468,P_ID20,4
ORD_ITEM469,ORD_ID469,P_ID11,4
ORD_ITEM470,ORD_ID470,P_ID33,5
ORD_ITEM471,ORD_ID471,P_ID05,6
ORD_ITEM472,ORD_ID472,P_ID03,7
ORD_ITEM473,ORD_ID473,P_ID20,4
ORD_ITEM474,ORD_ID474,P_ID17,8
ORD_ITEM475,ORD_ID475,P_ID26,2
ORD_ITEM476,ORD_ID476,P_ID46,6
ORD_ITEM477,ORD_ID477,P_ID36,7
ORD_ITEM478,ORD_ID478,P_ID30,3
ORD_ITEM479,ORD_ID479,P_ID05,2
ORD_ITEM480,ORD_ID480,P_ID34,10
ORD_ITEM481,ORD_ID481,P_ID26,6
ORD_ITEM482,ORD_ID482,P_ID45,2
ORD_ITEM483,ORD_ID483,P_ID33,4
ORD_ITEM484,ORD_ID484,P_ID09,6
ORD_ITEM485,ORD_ID485,P_ID42,5
ORD_ITEM486,ORD_ID486,P_ID03,2
ORD_ITEM487,ORD_ID487,P_ID12,3
ORD_ITEM488,ORD_ID488,P_ID28,9
ORD_ITEM489,ORD_ID489,P_ID46,1
ORD_ITEM490,ORD_ID490,P_ID29,4
ORD_ITEM491,ORD_ID491,P_ID05,3
ORD_ITEM492,ORD_ID492,P_ID39,3
ORD_ITEM493,ORD_ID493,P_ID26,6
ORD_ITEM494,ORD_ID494,P_ID43,9
ORD_ITEM495,ORD_ID495,P_ID06,4
ORD_ITEM496,ORD_ID496,P_ID24,6
ORD_ITEM497,ORD_ID497,P_ID17,2
ORD_ITEM498,ORD_ID498,P_ID41,5
ORD_ITEM499,ORD_ID499,P_ID05,5
ORD_ITEM500,ORD_ID500,P_ID04,1
ORD_ITEM501,ORD_ID501,P_ID02,5
ORD_ITEM502,ORD_ID502,P_ID43,2
ORD_ITEM503,ORD_ID503,P_ID41,5
ORD_ITEM504,ORD_ID504,P_ID30,9
ORD_ITEM505,ORD_ID505,P_ID11,3
ORD_ITEM506,ORD_ID506,P_ID14,1
ORD_ITEM507,ORD_ID507,P_ID14,10
ORD_ITEM508,ORD_ID508,P_ID06,7
ORD_ITEM509,ORD_ID509,P_ID38,9
ORD_ITEM510,ORD_ID510,P_ID35,3
ORD_ITEM511,ORD_ID511,P_ID28,3
ORD_ITEM512,ORD_ID512,P_ID09,5
ORD_ITEM513,ORD_ID513,P_ID25,1
ORD_ITEM514,ORD_ID514,P_ID38,7
ORD_ITEM515,ORD_ID515,P_ID22,7
ORD_ITEM516,ORD_ID516,P_ID07,10
ORD_ITEM517,ORD_ID517,P_ID50,8
ORD_ITEM518,ORD_ID518,P_ID40,2
ORD_ITEM519,ORD_ID519,P_ID30,6
ORD_ITEM520,ORD_ID520,P_ID41,3
ORD_ITEM521,ORD_ID521,P_ID15,2
ORD_ITEM522,ORD_ID522,P_ID33,8
ORD_ITEM523,ORD_ID523,P_ID08,7
ORD_ITEM524,ORD_ID524,P_ID09,6
ORD_ITEM525,ORD_ID525,P_ID38,5
ORD_ITEM526,ORD_ID526,P_ID30,6
ORD_ITEM527,ORD_ID527,P_ID15,7
ORD_ITEM528,ORD_ID528,P_ID16,2
ORD_ITEM529,ORD_ID529,P_ID01,10
ORD_ITEM530,ORD_ID530,P_ID38,10
ORD_ITEM531,ORD_ID531,P_ID15,4
ORD_ITEM532,ORD_ID532,P_ID05,4
ORD_ITEM533,ORD_ID533,P_ID33,6
ORD_ITEM534,ORD_ID534,P_ID16,6
ORD_ITEM535,ORD_ID535,P_ID19,4
ORD_ITEM536,ORD_ID536,P_ID24,2
ORD_ITEM537,ORD_ID537,P_ID06,6
ORD_ITEM538,ORD_ID538,P_ID45,8
ORD_ITEM539,ORD_ID539,P_ID29,8
ORD_ITEM540,ORD_ID540,P_ID09,10
ORD_ITEM541,ORD_ID541,P_ID44,3
ORD_ITEM542,ORD_ID542,P_ID10,2
ORD_ITEM543,ORD_ID543,P_ID24,5
ORD_ITEM544,ORD_ID544,P_ID21,2
ORD_ITEM545,ORD_ID545,P_ID43,7
ORD_ITEM546,ORD_ID546,P_ID08,9
ORD_ITEM547,ORD_ID547,P_ID34,2
ORD_ITEM548,ORD_ID548,P_ID31,3
ORD_ITEM549,ORD_ID549,P_ID33,8
ORD_ITEM550,ORD_ID550,P_ID33,7
ORD_ITEM551,ORD_ID551,P_ID15,9
ORD_ITEM552,ORD_ID552,P_ID30,1
ORD_ITEM553,ORD_ID553,P_ID37,2
ORD_ITEM554,ORD_ID554,P_ID29,1
ORD_ITEM555,ORD_ID555,P_ID34,1
ORD_ITEM556,ORD_ID556,P_ID37,8
ORD_ITEM557,ORD_ID557,P_ID34,3
ORD_ITEM558,ORD_ID558,P_ID14,5
ORD_ITEM559,ORD_ID559,P_ID48,3
ORD_ITEM560,ORD_ID560,P_ID34,7
ORD_ITEM561,ORD_ID561,P_ID01,7
ORD_ITEM562,ORD_ID562,P_ID11,10
ORD_ITEM563,ORD_ID563,P_ID24,3
ORD_ITEM564,ORD_ID564,P_ID30,4
ORD_ITEM565,ORD_ID565,P_ID47,3
ORD_ITEM566,ORD_ID566,P_ID24,3
ORD_ITEM567,ORD_ID567,P_ID02,6
ORD_ITEM568,ORD_ID568,P_ID03,10
ORD_ITEM569,ORD_ID569,P_ID13,8
ORD_ITEM570,ORD_ID570,P_ID20,8
ORD_ITEM571,ORD_ID571,P_ID47,1
ORD_ITEM572,ORD_ID572,P_ID33,5
ORD_ITEM573,ORD_ID573,P_ID03,4
ORD_ITEM574,ORD_ID574,P_ID22,10
ORD_ITEM575,ORD_ID575,P_ID19,8
ORD_ITEM576,ORD_ID576,P_ID33,10
ORD_ITEM577,ORD_ID577,P_ID13,4
ORD_ITEM578,ORD_ID578,P_ID10,7
ORD_ITEM579,ORD_ID579,P_ID34,2
ORD_ITEM580,ORD_ID580,P_ID26,6
ORD_ITEM581,ORD_ID581,P_ID34,4
ORD_ITEM582,ORD_ID582,P_ID31,6
ORD_ITEM583,ORD_ID583,P_ID11,10
ORD_ITEM584,ORD_ID584,P_ID45,5
ORD_ITEM585,ORD_ID585,P_ID34,3
ORD_ITEM586,ORD_ID586,P_ID28,10
ORD_ITEM587,ORD_ID587,P_ID17,2
ORD_ITEM588,ORD_ID588,P_ID31,3
ORD_ITEM589,ORD_ID589,P_ID28,3
ORD_ITEM590,ORD_ID590,P_ID32,4
ORD_ITEM591,ORD_ID591,P_ID43,8
ORD_ITEM592,ORD_ID592,P_ID28,10
ORD_ITEM593,ORD_ID593,P_ID14,4
ORD_ITEM594,ORD_ID594,P_ID40,2
ORD_ITEM595,ORD_ID595,P_ID28,9
ORD_ITEM596,ORD_ID596,P_ID02,10
ORD_ITEM597,ORD_ID597,P_ID04,2
ORD_ITEM598,ORD_ID598,P_ID35,9
ORD_ITEM599,ORD_ID599,P_ID03,4
ORD_ITEM600,ORD_ID600,P_ID43,1
ORD_ITEM601,ORD_ID601,P_ID25,2
ORD_ITEM602,ORD_ID602,P_ID12,6
ORD_ITEM603,ORD_ID603,P_ID36,2
ORD_ITEM604,ORD_ID604,P_ID06,3
ORD_ITEM605,ORD_ID605,P_ID48,3
ORD_ITEM606,ORD_ID606,P_ID41,3
ORD_ITEM607,ORD_ID607,P_ID02,2
ORD_ITEM608,ORD_ID608,P_ID44,6
ORD_ITEM609,ORD_ID609,P_ID02,10
ORD_ITEM610,ORD_ID610,P_ID21,6
ORD_ITEM611,ORD_ID611,P_ID06,3
ORD_ITEM612,ORD_ID612,P_ID10,2
ORD_ITEM613,ORD_ID613,P_ID37,1
ORD_ITEM614,ORD_ID614,P_ID31,7
ORD_ITEM615,ORD_ID615,P_ID08,6
ORD_ITEM616,ORD_ID616,P_ID16,7
ORD_ITEM617,ORD_ID617,P_ID26,3
ORD_ITEM618,ORD_ID618,P_ID09,6
ORD_ITEM619,ORD_ID619,P_ID49,3
ORD_ITEM620,ORD_ID620,P_ID16,9
ORD_ITEM621,ORD_ID621,P_ID23,4
ORD_ITEM622,ORD_ID622,P_ID09,1
ORD_ITEM623,ORD_ID623,P_ID04,8
ORD_ITEM624,ORD_ID624,P_ID43,2
ORD_ITEM625,ORD_ID625,P_ID01,2
ORD_ITEM626,ORD_ID626,P_ID25,2
ORD_ITEM627,ORD_ID627,P_ID17,2
ORD_ITEM628,ORD_ID628,P_ID18,4
ORD_ITEM629,ORD_ID629,P_ID21,9
ORD_ITEM630,ORD_ID630,P_ID41,6
ORD_ITEM631,ORD_ID631,P_ID26,4
ORD_ITEM632,ORD_ID632,P_ID18,4
ORD_ITEM633,ORD_ID633,P_ID21,6
ORD_ITEM634,ORD_ID634,P_ID35,7
ORD_ITEM635,ORD_ID635,P_ID18,9
ORD_ITEM636,ORD_ID636,P_ID50,2
ORD_ITEM637,ORD_ID637,P_ID47,1
ORD_ITEM638,ORD_ID638,P_ID09,9
ORD_ITEM639,ORD_ID639,P_ID47,9
ORD_ITEM640,ORD_ID640,P_ID45,8
ORD_ITEM641,ORD_ID641,P_ID49,2
ORD_ITEM642,ORD_ID642,P_ID05,5
ORD_ITEM643,ORD_ID643,P_ID28,7
ORD_ITEM644,ORD_ID644,P_ID33,10
ORD_ITEM645,ORD_ID645,P_ID46,8
ORD_ITEM646,ORD_ID646,P_ID11,6
ORD_ITEM647,ORD_ID647,P_ID46,10
ORD_ITEM648,ORD_ID648,P_ID25,10
ORD_ITEM649,ORD_ID649,P_ID15,9
ORD_ITEM650,ORD_ID650,P_ID35,1
ORD_ITEM651,ORD_ID651,P_ID23,1
ORD_ITEM652,ORD_ID652,P_ID27,3
ORD_ITEM653,ORD_ID653,P_ID20,8
ORD_ITEM654,ORD_ID654,P_ID25,8
ORD_ITEM655,ORD_ID655,P_ID40,8
ORD_ITEM656,ORD_ID656,P_ID13,8
ORD_ITEM657,ORD_ID657,P_ID13,7
ORD_ITEM658,ORD_ID658,P_ID11,5
ORD_ITEM659,ORD_ID659,P_ID27,6
ORD_ITEM660,ORD_ID660,P_ID01,2
ORD_ITEM661,ORD_ID661,P_ID12,7
ORD_ITEM662,ORD_ID662,P_ID27,4
ORD_ITEM663,ORD_ID663,P_ID50,8
ORD_ITEM664,ORD_ID664,P_ID01,5
ORD_ITEM665,ORD_ID665,P_ID38,8
ORD_ITEM666,ORD_ID666,P_ID39,3
ORD_ITEM667,ORD_ID667,P_ID14,7
ORD_ITEM668,ORD_ID668,P_ID01,7
ORD_ITEM669,ORD_ID669,P_ID34,3
ORD_ITEM670,ORD_ID670,P_ID22,2
ORD_ITEM671,ORD_ID671,P_ID35,4
ORD_ITEM672,ORD_ID672,P_ID14,9
ORD_ITEM673,ORD_ID673,P_ID48,6
ORD_ITEM674,ORD_ID674,P_ID01,10
ORD_ITEM675,ORD_ID675,P_ID03,10
ORD_ITEM676,ORD_ID676,P_ID28,5
ORD_ITEM677,ORD_ID677,P_ID42,7
ORD_ITEM678,ORD_ID678,P_ID14,2
ORD_ITEM679,ORD_ID679,P_ID36,7
ORD_ITEM680,ORD_ID680,P_ID32,2
ORD_ITEM681,ORD_ID681,P_ID31,3
ORD_ITEM682,ORD_ID682,P_ID28,6
ORD_ITEM683,ORD_ID683,P_ID28,3
ORD_ITEM684,ORD_ID684,P_ID15,6
ORD_ITEM685,ORD_ID685,P_ID32,1
ORD_ITEM686,ORD_ID686,P_ID12,6
ORD_ITEM687,ORD_ID687,P_ID27,6
ORD_ITEM688,ORD_ID688,P_ID10,8
ORD_ITEM689,ORD_ID689,P_ID27,4
ORD_ITEM690,ORD_ID690,P_ID06,7
ORD_ITEM691,ORD_ID691,P_ID42,9
ORD_ITEM692,ORD_ID692,P_ID05,4
ORD_ITEM693,ORD_ID693,P_ID15,8
ORD_ITEM694,ORD_ID694,P_ID35,5
ORD_ITEM695,ORD_ID695,P_ID34,7
ORD_ITEM696,ORD_ID696,P_ID21,1
ORD_ITEM697,ORD_ID697,P_ID44,10
ORD_ITEM698,ORD_ID698,P_ID40,10
ORD_ITEM699,ORD_ID699,P_ID04,2
ORD_ITEM700,ORD_ID700,P_ID50,1
ORD_ITEM701,ORD_ID701,P_ID35,4
ORD_ITEM702,ORD_ID702,P_ID25,6
ORD_ITEM703,ORD_ID703,P_ID03,10
ORD_ITEM704,ORD_ID704,P_ID16,5
ORD_ITEM705,ORD_ID705,P_ID41,9
ORD_ITEM706,ORD_ID706,P_ID25,5
ORD_ITEM707,ORD_ID707,P_ID16,1
ORD_ITEM708,ORD_ID708,P_ID50,6
ORD_ITEM709,ORD_ID709,P_ID46,3
ORD_ITEM710,ORD_ID710,P_ID31,8
ORD_ITEM711,ORD_ID711,P_ID44,3
ORD_ITEM712,ORD_ID712,P_ID02,8
ORD_ITEM713,ORD_ID713,P_ID04,5
ORD_ITEM714,ORD_ID714,P_ID15,5
ORD_ITEM715,ORD_ID715,P_ID28,8
ORD_ITEM716,ORD_ID716,P_ID36,2
ORD_ITEM717,ORD_ID717,P_ID09,6
ORD_ITEM718,ORD_ID718,P_ID04,3
ORD_ITEM719,ORD_ID719,P_ID18,10
ORD_ITEM720,ORD_ID720,P_ID30,5
ORD_ITEM721,ORD_ID721,P_ID40,6
ORD_ITEM722,ORD_ID722,P_ID17,5
ORD_ITEM723,ORD_ID723,P_ID32,7
ORD_ITEM724,ORD_ID724,P_ID34,2
ORD_ITEM725,ORD_ID725,P_ID45,9
ORD_ITEM726,ORD_ID726,P_ID27,6
ORD_ITEM727,ORD_ID727,P_ID38,8
ORD_ITEM728,ORD_ID728,P_ID31,5
ORD_ITEM729,ORD_ID729,P_ID18,10
ORD_ITEM730,ORD_ID730,P_ID27,2
ORD_ITEM731,ORD_ID731,P_ID28,3
ORD_ITEM732,ORD_ID732,P_ID49,6
ORD_ITEM733,ORD_ID733,P_ID12,2
ORD_ITEM734,ORD_ID734,P_ID01,10
ORD_ITEM735,ORD_ID735,P_ID19,3
ORD_ITEM736,ORD_ID736,P_ID46,4
ORD_ITEM737,ORD_ID737,P_ID01,1
ORD_ITEM738,ORD_ID738,P_ID15,9
ORD_ITEM739,ORD_ID739,P_ID31,3
ORD_ITEM740,ORD_ID740,P_ID30,10
ORD_ITEM741,ORD_ID741,P_ID44,8
ORD_ITEM742,ORD_ID742,P_ID50,7
ORD_ITEM743,ORD_ID743,P_ID12,7
ORD_ITEM744,ORD_ID744,P_ID23,5
ORD_ITEM745,ORD_ID745,P_ID43,6
ORD_ITEM746,ORD_ID746,P_ID19,7
ORD_ITEM747,ORD_ID747,P_ID17,4
ORD_ITEM748,ORD_ID748,P_ID29,5
ORD_ITEM749,ORD_ID749,P_ID06,2
ORD_ITEM750,ORD_ID750,P_ID11,6
ORD_ITEM751,ORD_ID751,P_ID19,2
ORD_ITEM752,ORD_ID752,P_ID49,7
ORD_ITEM753,ORD_ID753,P_ID15,4
ORD_ITEM754,ORD_ID754,P_ID26,9
ORD_ITEM755,ORD_ID755,P_ID31,4
ORD_ITEM756,ORD_ID756,P_ID20,10
ORD_ITEM757,ORD_ID757,P_ID46,10
ORD_ITEM758,ORD_ID758,P_ID49,4
ORD_ITEM759,ORD_ID759,P_ID50,6
ORD_ITEM760,ORD_ID760,P_ID09,8
ORD_ITEM761,ORD_ID761,P_ID43,9
ORD_ITEM762,ORD_ID762,P_ID25,3
ORD_ITEM763,ORD_ID763,P_ID44,3
ORD_ITEM764,ORD_ID764,P_ID43,9
ORD_ITEM765,ORD_ID765,P_ID13,3
ORD_ITEM766,ORD_ID766,P_ID41,7
ORD_ITEM767,ORD_ID767,P_ID16,10
ORD_ITEM768,ORD_ID768,P_ID28,1
ORD_ITEM769,ORD_ID769,P_ID41,7
ORD_ITEM770,ORD_ID770,P_ID20,3
ORD_ITEM771,ORD_ID771,P_ID40,9
ORD_ITEM772,ORD_ID772,P_ID08,9
ORD_ITEM773,ORD_ID773,P_ID22,7
ORD_ITEM774,ORD_ID774,P_ID04,2
ORD_ITEM775,ORD_ID775,P_ID49,2
ORD_ITEM776,ORD_ID776,P_ID38,1
ORD_ITEM777,ORD_ID777,P_ID03,7
ORD_ITEM778,ORD_ID778,P_ID44,2
ORD_ITEM779,ORD_ID779,P_ID48,2
ORD_ITEM780,ORD_ID780,P_ID26,3
ORD_ITEM781,ORD_ID781,P_ID31,3
ORD_ITEM782,ORD_ID782,P_ID23,4
ORD_ITEM783,ORD_ID783,P_ID34,2
ORD_ITEM784,ORD_ID784,P_ID41,10
ORD_ITEM785,ORD_ID785,P_ID05,6
ORD_ITEM786,ORD_ID786,P_ID04,3
ORD_ITEM787,ORD_ID787,P_ID16,10
ORD_ITEM788,ORD_ID788,P_ID15,7
ORD_ITEM789,ORD_ID789,P_ID17,1
ORD_ITEM790,ORD_ID790,P_ID11,1
ORD_ITEM791,ORD_ID791,P_ID22,10
ORD_ITEM792,ORD_ID792,P_ID06,1
ORD_ITEM793,ORD_ID793,P_ID19,6
ORD_ITEM794,ORD_ID794,P_ID45,3
ORD_ITEM795,ORD_ID795,P_ID33,5
ORD_ITEM796,ORD_ID796,P_ID10,7
ORD_ITEM797,ORD_ID797,P_ID06,7
ORD_ITEM798,ORD_ID798,P_ID30,9
ORD_ITEM799,ORD_ID799,P_ID26,3
ORD_ITEM800,ORD_ID800,P_ID20,4
ORD_ITEM801,ORD_ID801,P_ID18,5
ORD_ITEM802,ORD_ID802,P_ID27,8
ORD_ITEM803,ORD_ID803,P_ID03,5
ORD_ITEM804,ORD_ID804,P_ID29,10
ORD_ITEM805,ORD_ID805,P_ID03,4
ORD_ITEM806,ORD_ID806,P_ID12,10
ORD_ITEM807,ORD_ID807,P_ID18,7
ORD_ITEM808,ORD_ID808,P_ID07,8
ORD_ITEM809,ORD_ID809,P_ID29,3
ORD_ITEM810,ORD_ID810,P_ID43,10
ORD_ITEM811,ORD_ID811,P_ID28,7
ORD_ITEM812,ORD_ID812,P_ID22,3
ORD_ITEM813,ORD_ID813,P_ID47,7
ORD_ITEM814,ORD_ID814,P_ID08,4
ORD_ITEM815,ORD_ID815,P_ID47,1
ORD_ITEM816,ORD_ID816,P_ID03,10
ORD_ITEM817,ORD_ID817,P_ID40,7
ORD_ITEM818,ORD_ID818,P_ID29,4
ORD_ITEM819,ORD_ID819,P_ID22,4
ORD_ITEM820,ORD_ID820,P_ID05,2
ORD_ITEM821,ORD_ID821,P_ID32,2
ORD_ITEM822,ORD_ID822,P_ID07,9
ORD_ITEM823,ORD_ID823,P_ID44,6
ORD_ITEM824,ORD_ID824,P_ID32,6
ORD_ITEM825,ORD_ID825,P_ID38,2
ORD_ITEM826,ORD_ID826,P_ID50,7
ORD_ITEM827,ORD_ID827,P_ID30,3
ORD_ITEM828,ORD_ID828,P_ID10,4
ORD_ITEM829,ORD_ID829,P_ID11,2
ORD_ITEM830,ORD_ID830,P_ID04,4
ORD_ITEM831,ORD_ID831,P_ID49,3
ORD_ITEM832,ORD_ID832,P_ID16,1
ORD_ITEM833,ORD_ID833,P_ID21,10
ORD_ITEM834,ORD_ID834,P_ID45,10
ORD_ITEM835,ORD_ID835,P_ID07,1
ORD_ITEM836,ORD_ID836,P_ID08,6
ORD_ITEM837,ORD_ID837,P_ID15,8
ORD_ITEM838,ORD_ID838,P_ID18,2
ORD_ITEM839,ORD_ID839,P_ID09,2
ORD_ITEM840,ORD_ID840,P_ID19,6
ORD_ITEM841,ORD_ID841,P_ID14,2
ORD_ITEM842,ORD_ID842,P_ID50,10
ORD_ITEM843,ORD_ID843,P_ID09,3
ORD_ITEM844,ORD_ID844,P_ID46,3
ORD_ITEM845,ORD_ID845,P_ID17,8
ORD_ITEM846,ORD_ID846,P_ID28,10
ORD_ITEM847,ORD_ID847,P_ID47,7
ORD_ITEM848,ORD_ID848,P_ID23,6
ORD_ITEM849,ORD_ID849,P_ID11,3
ORD_ITEM850,ORD_ID850,P_ID01,3
ORD_ITEM851,ORD_ID851,P_ID03,2
ORD_ITEM852,ORD_ID852,P_ID20,2
ORD_ITEM853,ORD_ID853,P_ID43,2
ORD_ITEM854,ORD_ID854,P_ID49,1
ORD_ITEM855,ORD_ID855,P_ID15,6
ORD_ITEM856,ORD_ID856,P_ID34,10
ORD_ITEM857,ORD_ID857,P_ID10,1
ORD_ITEM858,ORD_ID858,P_ID29,10
ORD_ITEM859,ORD_ID859,P_ID19,3
ORD_ITEM860,ORD_ID860,P_ID32,2
ORD_ITEM861,ORD_ID861,P_ID06,1
ORD_ITEM862,ORD_ID862,P_ID47,1
ORD_ITEM863,ORD_ID863,P_ID45,4
ORD_ITEM864,ORD_ID864,P_ID34,6
ORD_ITEM865,ORD_ID865,P_ID03,4
ORD_ITEM866,ORD_ID866,P_ID34,9
ORD_ITEM867,ORD_ID867,P_ID50,8
ORD_ITEM868,ORD_ID868,P_ID50,8
ORD_ITEM869,ORD_ID869,P_ID28,6
ORD_ITEM870,ORD_ID870,P_ID19,1
ORD_ITEM871,ORD_ID871,P_ID42,10
ORD_ITEM872,ORD_ID872,P_ID31,6
ORD_ITEM873,ORD_ID873,P_ID42,2
ORD_ITEM874,ORD_ID874,P_ID11,1
ORD_ITEM875,ORD_ID875,P_ID26,1
ORD_ITEM876,ORD_ID876,P_ID38,4
ORD_ITEM877,ORD_ID877,P_ID21,3
ORD_ITEM878,ORD_ID878,P_ID40,4
ORD_ITEM879,ORD_ID879,P_ID12,6
ORD_ITEM880,ORD_ID880,P_ID41,9
ORD_ITEM881,ORD_ID881,P_ID09,6
ORD_ITEM882,ORD_ID882,P_ID12,9
ORD_ITEM883,ORD_ID883,P_ID22,9
ORD_ITEM884,ORD_ID884,P_ID37,6
ORD_ITEM885,ORD_ID885,P_ID19,5
ORD_ITEM886,ORD_ID886,P_ID44,9
ORD_ITEM887,ORD_ID887,P_ID31,1
ORD_ITEM888,ORD_ID888,P_ID33,2
ORD_ITEM889,ORD_ID889,P_ID09,4
ORD_ITEM890,ORD_ID890,P_ID13,1
ORD_ITEM891,ORD_ID891,P_ID31,5
ORD_ITEM892,ORD_ID892,P_ID42,8
ORD_ITEM893,ORD_ID893,P_ID12,3
ORD_ITEM894,ORD_ID894,P_ID25,2
ORD_ITEM895,ORD_ID895,P_ID15,9
ORD_ITEM896,ORD_ID896,P_ID11,1
ORD_ITEM897,ORD_ID897,P_ID34,8
ORD_ITEM898,ORD_ID898,P_ID43,5
ORD_ITEM899,ORD_ID899,P_ID32,8
ORD_ITEM900,ORD_ID900,P_ID40,4
ORD_ITEM901,ORD_ID901,P_ID29,8
ORD_ITEM902,ORD_ID902,P_ID09,9
ORD_ITEM903,ORD_ID903,P_ID39,10
ORD_ITEM904,ORD_ID904,P_ID34,9
ORD_ITEM905,ORD_ID905,P_ID50,6
ORD_ITEM906,ORD_ID906,P_ID42,5
ORD_ITEM907,ORD_ID907,P_ID10,1
ORD_ITEM908,ORD_ID908,P_ID38,5
ORD_ITEM909,ORD_ID909,P_ID48,5
ORD_ITEM910,ORD_ID910,P_ID49,10
ORD_ITEM911,ORD_ID911,P_ID19,7
ORD_ITEM912,ORD_ID912,P_ID01,6
ORD_ITEM913,ORD_ID913,P_ID06,1
ORD_ITEM914,ORD_ID914,P_ID45,5
ORD_ITEM915,ORD_ID915,P_ID18,4
ORD_ITEM916,ORD_ID916,P_ID03,5
ORD_ITEM917,ORD_ID917,P_ID09,10
ORD_ITEM918,ORD_ID918,P_ID22,3
ORD_ITEM919,ORD_ID919,P_ID05,10
ORD_ITEM920,ORD_ID920,P_ID38,10
ORD_ITEM921,ORD_ID921,P_ID42,3
ORD_ITEM922,ORD_ID922,P_ID24,8
ORD_ITEM923,ORD_ID923,P_ID29,5
ORD_ITEM924,ORD_ID924,P_ID03,2
ORD_ITEM925,ORD_ID925,P_ID48,2
ORD_ITEM926,ORD_ID926,P_ID09,3
ORD_ITEM927,ORD_ID927,P_ID24,8
ORD_ITEM928,ORD_ID928,P_ID45,6
ORD_ITEM929,ORD_ID929,P_ID44,1
ORD_ITEM930,ORD_ID930,P_ID28,10
ORD_ITEM931,ORD_ID931,P_ID30,6
ORD_ITEM932,ORD_ID932,P_ID09,3
ORD_ITEM933,ORD_ID933,P_ID12,3
ORD_ITEM934,ORD_ID934,P_ID30,2
ORD_ITEM935,ORD_ID935,P_ID12,6
ORD_ITEM936,ORD_ID936,P_ID34,6
ORD_ITEM937,ORD_ID937,P_ID31,3
ORD_ITEM938,ORD_ID938,P_ID48,9
ORD_ITEM939,ORD_ID939,P_ID29,8
ORD_ITEM940,ORD_ID940,P_ID08,6
ORD_ITEM941,ORD_ID941,P_ID19,2
ORD_ITEM942,ORD_ID942,P_ID42,7
ORD_ITEM943,ORD_ID943,P_ID38,4
ORD_ITEM944,ORD_ID944,P_ID44,1
ORD_ITEM945,ORD_ID945,P_ID41,6
ORD_ITEM946,ORD_ID946,P_ID32,10
ORD_ITEM947,ORD_ID947,P_ID28,7
ORD_ITEM948,ORD_ID948,P_ID13,2
ORD_ITEM949,ORD_ID949,P_ID13,10
ORD_ITEM950,ORD_ID950,P_ID09,8
ORD_ITEM951,ORD_ID951,P_ID22,4
ORD_ITEM952,ORD_ID952,P_ID45,4
ORD_ITEM953,ORD_ID953,P_ID02,5
ORD_ITEM954,ORD_ID954,P_ID35,8
ORD_ITEM955,ORD_ID955,P_ID20,8
ORD_ITEM956,ORD_ID956,P_ID30,7
ORD_ITEM957,ORD_ID957,P_ID14,10
ORD_ITEM958,ORD_ID958,P_ID15,4
ORD_ITEM959,ORD_ID959,P_ID08,2
ORD_ITEM960,ORD_ID960,P_ID19,9
ORD_ITEM961,ORD_ID961,P_ID40,9
ORD_ITEM962,ORD_ID962,P_ID24,10
ORD_ITEM963,ORD_ID963,P_ID10,4
ORD_ITEM964,ORD_ID964,P_ID49,6
ORD_ITEM965,ORD_ID965,P_ID22,10
ORD_ITEM966,ORD_ID966,P_ID40,6
ORD_ITEM967,ORD_ID967,P_ID40,5
ORD_ITEM968,ORD_ID968,P_ID10,2
ORD_ITEM969,ORD_ID969,P_ID44,10
ORD_ITEM970,ORD_ID970,P_ID50,2
ORD_ITEM971,ORD_ID971,P_ID22,3
ORD_ITEM972,ORD_ID972,P_ID46,6
ORD_ITEM973,ORD_ID973,P_ID27,7
ORD_ITEM974,ORD_ID974,P_ID16,1
ORD_ITEM975,ORD_ID975,P_ID41,10
ORD_ITEM976,ORD_ID976,P_ID49,4
ORD_ITEM977,ORD_ID977,P_ID13,6
ORD_ITEM978,ORD_ID978,P_ID26,7
ORD_ITEM979,ORD_ID979,P_ID09,2
ORD_ITEM980,ORD_ID980,P_ID42,9
ORD_ITEM981,ORD_ID981,P_ID04,3
ORD_ITEM982,ORD_ID982,P_ID06,2
ORD_ITEM983,ORD_ID983,P_ID16,6
ORD_ITEM984,ORD_ID984,P_ID46,7
ORD_ITEM985,ORD_ID985,P_ID21,7
ORD_ITEM986,ORD_ID986,P_ID06,2
ORD_ITEM987,ORD_ID987,P_ID41,6
ORD_ITEM988,ORD_ID988,P_ID49,2
ORD_ITEM989,ORD_ID989,P_ID35,9
ORD_ITEM990,ORD_ID990,P_ID15,4
ORD_ITEM991,ORD_ID991,P_ID21,6
ORD_ITEM992,ORD_ID992,P_ID25,10
ORD_ITEM993,ORD_ID993,P_ID18,8
ORD_ITEM994,ORD_ID994,P_ID16,4
ORD_ITEM995,ORD_ID995,P_ID36,2
ORD_ITEM996,ORD_ID996,P_ID07,5
ORD_ITEM997,ORD_ID997,P_ID08,4
ORD_ITEM998,ORD_ID998,P_ID03,8
ORD_ITEM999,ORD_ID999,P_ID44,9
ORD_ITEM1000,ORD_ID1000,P_ID09,10
